,tanggal,user_name,ISI,STOP_REMOVAL
0,2022-06-09 05:00:08+00:00,iwanmarzuki4,Sepanjang tahun 2022 KPK sudah kali melakukan OTT https ygKILw7U9U,2022 kpk kali ott https ygkilw7u9u
1,2022-06-09 05:00:00+00:00,idxchannelcom,KPK uang suap bupati nonaktif PPU mengalir parpol https E4EU6LrwDE,kpk uang suap bupati nonaktif ppu mengalir parpol https e4eu6lrwde
2,2022-06-09 04:59:56+00:00,ayutiasya,KPK bersama masyarakat untuk menurunkan tingkat korupsi untuk mewujudkan Indonesia maju https 8gimZbO9X5,kpk masyarakat menurunkan tingkat korupsi mewujudkan indonesia maju https 8gimzbo9x5
3,2022-06-09 04:58:40+00:00,umarhasibuan070, cobeh2021 msaid didu Maalah saat ditanya wartawan ketua KPK dijawab firli pertanyaan titipan Parah https 7WoxT072Kt, cobeh2021 msaid didu maalah wartawan ketua kpk firli titipan parah https 7woxt072kt
4,2022-06-09 04:57:49+00:00,san_ozil,Berani Jujur Hebat KPKUpdates KPK SaveKPK https plHrBczBay,berani jujur hebat kpkupdates kpk savekpk https plhrbczbay
5,2022-06-09 04:57:47+00:00,fitriandrianiy,KPK akan terus meningkatkan kinerja dalam pemberantasan korupsi https GTUmp2oznI,kpk meningkatkan kinerja pemberantasan korupsi https gtump2ozni
6,2022-06-09 04:57:40+00:00,sutanwidiyanto,KPK akan terus meningkatkan kinerja dalam pemberantasan korupsi https 2e518N8SOQ,kpk meningkatkan kinerja pemberantasan korupsi https 2e518n8soq
7,2022-06-09 04:57:35+00:00,adammahfud4,KPK akan terus meningkatkan kinerja dalam pemberantasan korupsi https vZmttiI8bY,kpk meningkatkan kinerja pemberantasan korupsi https vzmttii8by
8,2022-06-09 04:57:30+00:00,san_ozil,KPK jangan hilang fokus tetaplah bekerja dengan profesional KPKUpdates KPK SaveKPK https ZY1ZF33YUn,kpk hilang fokus tetaplah profesional kpkupdates kpk savekpk https zy1zf33yun
9,2022-06-09 04:57:24+00:00,iwanmarzuki4,KPK akan terus meningkatkan kinerja dalam pemberantasan korupsi https bL3hYueYLN,kpk meningkatkan kinerja pemberantasan korupsi https bl3hyueyln
10,2022-06-09 04:57:18+00:00,ayutiasya,KPK akan terus meningkatkan kinerja dalam pemberantasan korupsi https 3VcPaxvVPY,kpk meningkatkan kinerja pemberantasan korupsi https 3vcpaxvvpy
11,2022-06-09 04:57:14+00:00,renesinclair,Gerakan Anti Korupsi Dimulai Top Down Sistem Regulasi amp Contoh GanjarPranowo Ganjar GanjarPranowo Gubernur https LIo7hD8v9n,gerakan anti korupsi top down sistem regulasi amp contoh ganjarpranowo ganjar ganjarpranowo gubernur https lio7hd8v9n
12,2022-06-09 04:56:58+00:00,hari_bbg, GeiszChalifah Betapa jeniusnya Wan ogeb tanpa kerja pun dapat penghargaan bahkan seluruh dunia dalam satu abad https uHHgkGYJZv, geiszchalifah betapa jeniusnya wan ogeb kerja penghargaan dunia abad https uhhgkgyjzv
13,2022-06-09 04:56:30+00:00,thahirdahnial, keuangannews Bubarkan saja sekalian KPK Mubazzir uang negara buat gaji mereka , keuangannews bubarkan kpk mubazzir uang negara gaji 
14,2022-06-09 04:55:42+00:00,asepkoma73, democrazymedia hanya dijaman ini KPK ngak dipercaya publik biasanya paling tinggi mengalahkan polisi dan kejaksaan , democrazymedia dijaman kpk ngak dipercaya publik mengalahkan polisi kejaksaan 
15,2022-06-09 04:55:19+00:00,pxm_firman, UmarHasibuan070 KPK mungkin bapak yang titipan , umarhasibuan070 kpk titipan 
16,2022-06-09 04:55:15+00:00,bangahsan86, VIVAcoid Ketua KPK ngomongnya gini waladalah gak mampu mundur gan , vivacoid ketua kpk ngomongnya gini waladalah gak mundur gan 
17,2022-06-09 04:54:53+00:00,ngebutmautc84,Jangkrik Dirutnya cerai sama Lulu Tobing Allah kita profit taking Benar2 faktor diluar nalar https O3WsfVP45f,jangkrik dirutnya cerai lulu tobing allah profit taking benar2 faktor diluar nalar https o3wsfvp45f
18,2022-06-09 04:54:46+00:00,caba_roy, CNNIndonesia Coba tanya Fahri Hamzah Dia ngotot rubah KPK, cnnindonesia coba fahri hamzah ngotot rubah kpk
19,2022-06-09 04:54:41+00:00,rusman30966088, mak iyik VeelaaRhie KPK Nyali sih ada cuma knapa jadi seperti kena sambet kalamudeng muter muter statemenya , mak iyik veelaarhie kpk nyali sih knapa kena sambet kalamudeng muter muter statemenya 
20,2022-06-09 04:54:29+00:00,hot_dzoel17, SEKNAS SalmanTatang AnakLolina2 DBahareksa salawazo santos Tjakra mandala Ojoklalenya simbolonmarudu1 https fqqbmfPgGl, seknas salmantatang anaklolina2 dbahareksa salawazo santos tjakra mandala ojoklalenya simbolonmarudu1 https fqqbmfpggl
21,2022-06-09 04:54:01+00:00,eeboneneehh, GeiszChalifah Udahlah udah lewat juga Masih aja gembargemborin Udah bagus bikin malu negara Beruntung https onE6ui8V1h, geiszchalifah udahlah udah aja gembargemborin udah bagus bikin malu negara beruntung https one6ui8v1h
22,2022-06-09 04:53:07+00:00,papaalkey, triajaaa KPK KPK udah mati mbak tapi jangan nanya kuburannya dimana , triajaaa kpk kpk udah mati mbak nanya kuburannya dimana 
23,2022-06-09 04:52:54+00:00,tribunnews,Eks Jubir Sindir KPK dan Puji Kinerja Kejaksaan Agung yang Satu Banyak Gimik https Sf7wDpGuEu,eks jubir sindir kpk puji kinerja kejaksaan agung gimik https sf7wdpgueu
24,2022-06-09 04:52:28+00:00,banten02, detikcom Semoga KPK mau usut masalah ini berapa duit yang mengalir kantor Imigrasi tentang WNA China, detikcom semoga kpk usut duit mengalir kantor imigrasi wna china
25,2022-06-09 04:50:57+00:00,joeandaaa, hotmantmb yudiharahap46 Doi ketua KPK aja udah jauh lbh aneh , hotmantmb yudiharahap46 doi ketua kpk aja udah lbh aneh 
26,2022-06-09 04:50:47+00:00,fredy_santana01, RasamalaArt Lembaga KPK sebainya tdk berlama2 toh mau dipertahankan Peranya cukup sbg pebyidik dan penu https o7bZRS3zbo, rasamalaart lembaga kpk sebainya tdk berlama2 dipertahankan peranya sbg pebyidik penu https o7bzrs3zbo
27,2022-06-09 04:50:43+00:00,chrysshn1,Kemendes PDTT bersama Komisi Pemberantasan Korupsi KPK Tetapkan Desa Anti Korupsi halimiskandarnu ingin https 19cg3GEi1T,kemendes pdtt komisi pemberantasan korupsi kpk tetapkan desa anti korupsi halimiskandarnu https 19cg3gei1t
28,2022-06-09 04:49:53+00:00,verry_vaganza, joko gusman11 fauzul azmi GunRomli LHA MEMANG BANYAK MASALAH TUH WAN AIBON DIA DIPERIKSA KPK KAPAN ITU BANY https xMwlbJkfKu, joko gusman11 fauzul azmi gunromli lha tuh wan aibon diperiksa kpk bany https xmwlbjkfku
29,2022-06-09 04:48:59+00:00,markuspanda303, KPK Terlalu lebay kelen kalau masalah pemberian buah buahan Itu kan sekalian promosi pariwisata Sumatra Utara https QePc93KazO, kpk lebay kelen pemberian buah buahan promosi pariwisata sumatra utara https qepc93kazo
30,2022-06-09 04:48:58+00:00,usman_afin, Partai politik selama ini melahirkan kader kader yang mengisi jabatan publik mulai dari anggota dewan bupati gub https ccH4FMYa9o, partai politik melahirkan kader kader mengisi jabatan publik anggota dewan bupati gub https cch4fmya9o
31,2022-06-09 04:48:10+00:00,revansian1, BumiPutra NKRI Mustofa39120770 geloraco Krn bukan Anggota KPK enggak suka berkhayal , bumiputra nkri mustofa39120770 geloraco krn anggota kpk suka berkhayal 
32,2022-06-09 04:48:04+00:00,vivacoid,Kesal Ditanya Harun Masiku Ketua KPK Kayak Nggak Ada Pertanyaan Lain https shFcBNFAfu,kesal harun masiku ketua kpk kayak nggak https shfcbnfafu
33,2022-06-09 04:47:38+00:00,dhimaz_ariya, KaltimKarim firlibahuri KPK KejaksaanRI ListyoSigitP puanmaharani jokowi Kemendagri Mna bner https OFpvpeROcH, kaltimkarim firlibahuri kpk kejaksaanri listyosigitp puanmaharani jokowi kemendagri mna bner https ofpvperoch
34,2022-06-09 04:47:21+00:00,bumiputra_nkri, revansian1 Mustofa39120770 geloraco TWK kpk loe gak lolos, revansian1 mustofa39120770 geloraco twk kpk loe gak lolos
35,2022-06-09 04:46:58+00:00,mikaelwa63, UmarHasibuan070 KPK Iya titipan masyarakat seluruh Indonesia , umarhasibuan070 kpk iya titipan masyarakat indonesia 
36,2022-06-09 04:46:39+00:00,callme_wasooo, Urooj38833165 Mam PTI Govt yeh bat achi trha janti Maryam Bibi Hamza tmaam jlsy unke Apne paisoon https ngPWat1DX4, urooj38833165 mam pti govt yeh bat achi trha janti maryam bibi hamza tmaam jlsy unke apne paisoon https ngpwat1dx4
37,2022-06-09 04:45:52+00:00,yudhieboyss, indotanahbeta Dogebuffbitch Aistias1 D3riPratama dimaskerik1 bukansiapa2lagi ganjarpranowo jokowi https fgAmW0LZPA, indotanahbeta dogebuffbitch aistias1 d3ripratama dimaskerik1 bukansiapa2lagi ganjarpranowo jokowi https fgamw0lzpa
38,2022-06-09 04:45:49+00:00,asad_alee1, Queenofsass93 Kpk Angreji mtlb larki khud Nasir Khan smjhen , queenofsass93 kpk angreji mtlb larki khud nasir khan smjhen 
39,2022-06-09 04:45:38+00:00,kontenislam_com,Survei KPK Lembaga Penegak Hukum Paling Tidak Dipercaya Publik https 3gBtxJm4LM https czxMXmrNgR,survei kpk lembaga penegak hukum dipercaya publik https 3gbtxjm4lm https czxmxmrngr
40,2022-06-09 04:45:01+00:00,junnaid_khan, MaryamNSharif hours mai hours bhi hoty light buner kpk mai Nani, maryamnsharif hours mai hours bhi hoty light buner kpk mai nani
41,2022-06-09 04:43:36+00:00,mak_iyik, VeelaaRhie Rusman30966088 Semoga KPK punya nyali, veelaarhie rusman30966088 semoga kpk nyali
42,2022-06-09 04:41:18+00:00,miavita_store,Ccin KPK https yc3p2fWo0X,ccin kpk https yc3p2fwo0x
43,2022-06-09 04:41:05+00:00,abasbalapradana, BoyRembaya jokowi Semua berawal dari ngototnya pemerintah merevisi KPK ditengah banyaknya penolakan saat itu https 3zJFdIq6fy, boyrembaya jokowi ngototnya pemerintah merevisi kpk ditengah banyaknya penolakan https 3zjfdiq6fy
44,2022-06-09 04:40:32+00:00,vivacoid,KPK Akan Hadirkan Andi Arief Sidang Suap Bupati PPU Abdul Gafur https Z6eRYqKaS5,kpk hadirkan andi arief sidang suap bupati ppu abdul gafur https z6eryqkas5
45,2022-06-09 04:40:12+00:00,joebaedeh, Rahmatmikhaela Dennysiregar7 Uang itu sempat ditawarkan kepada Ahok namun Ahok menolak dan justru meminta agar https XBqJeuUEnd, rahmatmikhaela dennysiregar7 uang ditawarkan ahok ahok menolak https xbqjeuuend
46,2022-06-09 04:40:00+00:00,democrazymedia,Survei KPK Lembaga Penegak Hukum Paling Tidak Dipercaya Publik https ENav1zUDFJ,survei kpk lembaga penegak hukum dipercaya publik https enav1zudfj
47,2022-06-09 04:39:44+00:00,voidotid,Mantan pegawai Komisi Pemberantasan Korupsi KPK yang kini jadi praktisi hukum Visi Law Office Rasamala Aritonang https nNvnm1gxBm,mantan pegawai komisi pemberantasan korupsi kpk praktisi hukum visi law office rasamala aritonang https nnvnm1gxbm
48,2022-06-09 04:39:07+00:00,kumparan,Dewas KPK segera mengambil keputusan apakah laporan dugaan penerimaan akomodasi dan tiket MotoGP Lili Pintauli mas https UvawPpQ6kC,dewas kpk mengambil keputusan laporan dugaan penerimaan akomodasi tiket motogp lili pintauli mas https uvawppq6kc
49,2022-06-09 04:38:09+00:00,boyrembaya, AbasBalapradana jokowi Wes AMBYAR KPK mas sudah jadi alat politik buat saling kunci , abasbalapradana jokowi wes ambyar kpk mas alat politik kunci 
51,2022-06-09 04:37:41+00:00,nizaminz, CNNIndonesia msaid didu Sejak dipimpin Polisi Akrif Firli KPK seperti bawahan Polri Bubarkan saja, cnnindonesia msaid didu dipimpin polisi akrif firli kpk bawahan polri bubarkan
52,2022-06-09 04:34:40+00:00,dra_bandits, UmarHasibuan070 KPK Bilang aja iyah terus tanya lagi kenapa gak ketangkep tangkep ada titipan yah, umarhasibuan070 kpk bilang aja iyah gak ketangkep tangkep titipan yah
53,2022-06-09 04:33:47+00:00,merepetjak, iwanalidarmawan KPK Ngelesnya makin canggih Dulu bilangnya kerjaannya banyak yang diurusin bukan cuma masiku https Jnw13sQGXm, iwanalidarmawan kpk ngelesnya canggih bilangnya kerjaannya diurusin masiku https jnw13sqgxm
54,2022-06-09 04:33:12+00:00,sagar77653377,Sawat kpk https 40EvZX4y4t,sawat kpk https 40evzx4y4t
55,2022-06-09 04:31:29+00:00,tedymoel1, RasamalaArt Yakin stlh remunerasi ditingkatkan kinerja akan meningkat Dulu KPK awal2 kinerjanya bagus tapi https miTN2Fcqm5, rasamalaart stlh remunerasi ditingkatkan kinerja meningkat kpk awal2 kinerjanya bagus https mitn2fcqm5
56,2022-06-09 04:30:53+00:00,engrmuqim, MaryamNSharif hours lower dir kpk, maryamnsharif hours lower dir kpk
57,2022-06-09 04:30:49+00:00,heraldindo,KPK Bongkar Aliran Dana Suap Rp3 Miliar Bupati Penajam Paser Utara Politisi Demokrat https evbDxxfHIE,kpk bongkar aliran dana suap rp3 miliar bupati penajam paser utara politisi demokrat https evbdxxfhie
58,2022-06-09 04:30:42+00:00,monitorind_news,KPK Ingatkan Seluruh Pejabat Papua Barat untuk Tidak Korupsi https aYeYdGKBdk,kpk ingatkan pejabat papua barat korupsi https ayeydgkbdk
59,2022-06-09 04:30:33+00:00,apede16, jaksapedia KejaksaanRI indikatorcoid hampir semua kasus2 besar ditangani KejaksaanRI KPK keliatan kerja KejaksaanBerantasMafia, jaksapedia kejaksaanri indikatorcoid kasus2 ditangani kejaksaanri kpk keliatan kerja kejaksaanberantasmafia
60,2022-06-09 04:30:10+00:00,abasbalapradana,Seperti inikah hasil keputusan merevisi KPK yang katanya unk tujuan menguatkan itu pak jokowi https cCy1DVCXeL,hasil keputusan merevisi kpk unk tujuan menguatkan jokowi https ccy1dvcxel
61,2022-06-09 04:27:17+00:00,jawapos,KPK Berencana Hadirkan Andi Arief dalam Sidang Bupati PPU https BfZzGAFAAb,kpk berencana hadirkan andi arief sidang bupati ppu https bfzzgafaab
62,2022-06-09 04:25:55+00:00,cebongsonto, cobeh2021 hebat ketua KPK mampu menghilangkan status pegawai KPK lewat TWK apalagi masiku , cobeh2021 hebat ketua kpk menghilangkan status pegawai kpk twk masiku 
63,2022-06-09 04:25:05+00:00,shahnaw92971639, MaryamNSharif Kpk 15hrs, maryamnsharif kpk 15hrs
64,2022-06-09 04:24:45+00:00,m4t4merah, UmarHasibuan070 KPK Dia Polisi kan Masa sih aneh , umarhasibuan070 kpk polisi sih aneh 
65,2022-06-09 04:22:51+00:00,25yudika, UmarHasibuan070 Sandy230869012 KPK Jawaban tolol layak ketua KPK , umarhasibuan070 sandy230869012 kpk tolol layak ketua kpk 
66,2022-06-09 04:22:31+00:00,cebongsonto, UmarHasibuan070 KPK Ketua KPK Paling bermasalah didunia firli , umarhasibuan070 kpk ketua kpk bermasalah didunia firli 
67,2022-06-09 04:22:02+00:00,merdekadotcom,Sidang Suap Suap Bupati PPU Abdul Gafur KPK Bakal Hadirkan Andi Arief https fPfstnEu2m,sidang suap suap bupati ppu abdul gafur kpk hadirkan andi arief https fpfstneu2m
68,2022-06-09 04:22:00+00:00,goharali23415, PML KPK SHABAZGIL 360000 arab tery bab nowaz sharif aur tumra dada zardari leya tumhara bab ada kariga https DIpsPGjuM5, pml kpk shabazgil 360000 arab tery bab nowaz sharif aur tumra dada zardari leya tumhara bab kariga https dipspgjum5
69,2022-06-09 04:21:57+00:00,titik39078729, UmarHasibuan070 KPK Firli anda titipan , umarhasibuan070 kpk firli titipan 
70,2022-06-09 04:21:47+00:00,hmynkhan, mudazir Tabhi Youthia month Rana SanaUllah dar apny Ghar rha KPK chupa hwa , mudazir tabhi youthia month rana sanaullah dar apny ghar rha kpk chupa hwa 
71,2022-06-09 04:20:56+00:00,aniesmania,Ayo KPK jaga marwah integritas dengan berdiri bersama kejujuran dan kebenaran Anies AniesBaswedan https vQphKstAod,ayo kpk jaga marwah integritas berdiri kejujuran kebenaran anies aniesbaswedan https vqphkstaod
72,2022-06-09 04:19:57+00:00,cak_sobirin, UmarHasibuan070 KPK Gak bisa nangkap Mundur aja fir, umarhasibuan070 kpk gak nangkap mundur aja fir
73,2022-06-09 04:17:20+00:00,fidasyarifah95, manusiagabersa1 Bukti KPK semakin kuat yaitu terbukti dengan penangkapan Walikota Bekasi terkait kasus jual beli https b99US57Eyf, manusiagabersa1 bukti kpk kuat terbukti penangkapan walikota bekasi terkait jual beli https b99us57eyf
74,2022-06-09 04:16:56+00:00,sirmenkhan, SHABAZGIL SHABAZGIL kpk bej2 karaya main donga aur sehat card ilaj hojaige, shabazgil shabazgil kpk bej2 karaya main donga aur sehat card ilaj hojaige
75,2022-06-09 04:16:11+00:00,gucel_id, yusuf dumdum KPK rame amat nih filem bokep baru judulnya apa https thMxYuRPRc, yusuf dumdum kpk rame nih filem bokep judulnya https thmxyurprc
76,2022-06-09 04:13:32+00:00,ecosocrights,Membubarkan KPK krn para pimimpinannya bermasalah itu spt kata pepatah buruk muka cermin dibelah Yang pantas dibu https 8TpWdcQ6EF,membubarkan kpk krn pimimpinannya bermasalah spt pepatah buruk muka cermin dibelah dibu https 8tpwdcq6ef
77,2022-06-09 04:13:09+00:00,warkopmoveon, UmarHasibuan070 KPK Hahhaha Dia kali kena titip, umarhasibuan070 kpk hahhaha kali kena titip
78,2022-06-09 04:10:47+00:00,merrie_red, jalurbekasi hrdbacot perkeretaapian KPK coba turun tngn mslh ini Sapa tau ada korupsi makanya kelar2 https AVoccMuWa6, jalurbekasi hrdbacot perkeretaapian kpk coba turun tngn mslh sapa tau korupsi kelar2 https avoccmuwa6
79,2022-06-09 04:10:27+00:00,rizkisiagian4, OposisiCerdas Itu lah bobot ketua KPK , oposisicerdas bobot ketua kpk 
80,2022-06-09 04:09:57+00:00,adimuammar, UmarHasibuan070 Gus Umar Ketua Sibuk Pasang Baliho Wakilnya Terima Gratifikasi KPK Layak Dibubarkan https WlyO5ShmAl, umarhasibuan070 gus umar ketua sibuk pasang baliho wakilnya terima gratifikasi kpk layak dibubarkan https wlyo5shmal
81,2022-06-09 04:09:43+00:00,fajaronline,Gus Umar Ketua Sibuk Pasang Baliho Wakilnya Terima Gratifikasi KPK Layak Dibubarkan https ahHxQlijhZ https 6w1jbGp637,gus umar ketua sibuk pasang baliho wakilnya terima gratifikasi kpk layak dibubarkan https ahhxqlijhz https 6w1jbgp637
82,2022-06-09 04:09:30+00:00,ank_dadang, RasamalaArt KPK Bubarkan Presiden Mengumumkan Diri Sbg Panglima Tertinggi Pemberantasan Korupsi tanpa Pandang Siap https Z8r7nCvJyF, rasamalaart kpk bubarkan presiden mengumumkan sbg panglima tertinggi pemberantasan korupsi pandang https z8r7ncvjyf
83,2022-06-09 04:08:53+00:00,ecosocrights,Justru itu diinginkan rezim oligarki Jokowi KPK dibubarkan Makanya rezim merusaknya terlebih dahulu dgn revis https k5LecKncmN,rezim oligarki jokowi kpk dibubarkan rezim merusaknya dgn revis https k5leckncmn
84,2022-06-09 04:06:50+00:00,alamsya50823884,KPK sekarang dan seterusnya lembaga negara lahir secara prematur tentu dalam mengambil sikap terseok BPK buka https ZFC9STZnuF,kpk lembaga negara lahir prematur mengambil sikap terseok bpk buka https zfc9stznuf
85,2022-06-09 04:06:44+00:00,dar_yoga, jokowi Survei KPK Paling Tak Dipercaya TNI dan Presiden Paling Dipercaya https dOuSn0jKTl, jokowi survei kpk dipercaya tni presiden dipercaya https dousn0jktl
86,2022-06-09 04:06:19+00:00,zia_karib74, UmarHasibuan070 KPK Mmng Aneh, umarhasibuan070 kpk mmng aneh
87,2022-06-09 04:05:58+00:00,pettakumpe, UmarHasibuan070 imranbachmid KPK Bubar aja kpk, umarhasibuan070 imranbachmid kpk bubar aja kpk
88,2022-06-09 04:04:58+00:00,dedonc, triajaaa KPK masih ditimbang belum nyampe 1kilo, triajaaa kpk ditimbang nyampe 1kilo
89,2022-06-09 04:03:32+00:00,voidotid,Kehadiran Andi ini penting untuk membuktikan dakwaan terhadap Abdul Gafur Termasuk adanya dugaan pembiayaan Musyaw https 0YEVqzqCT7,kehadiran andi membuktikan dakwaan abdul gafur dugaan pembiayaan musyaw https 0yevqzqct7
91,2022-06-09 04:03:28+00:00,slikhatoun,KPK itu kerja untuk melindunggi rakyat bukan kerja melindunggi Para elit koruptor Thn 2014 marasa gue https InLRxHCDTo,kpk kerja melindunggi rakyat kerja melindunggi elit koruptor thn 2014 marasa gue https inlrxhcdto
92,2022-06-09 04:01:47+00:00,kpk_ri,Kegiatan ini diharapkan dapat memperkuat sinergi antara APH serta mampu menjadi trigger dalam penanganan perkara https s0OMfSBapE,kegiatan diharapkan memperkuat sinergi aph trigger penanganan perkara https s0omfsbape
93,2022-06-09 04:00:43+00:00,kpk_ri,APH jugmemiliki kewajiban untuk membangun kesadaran masyarakat bahwa peran serta dari masyarakat angka korupsi dap https 3WBH2OCJiY,aph jugmemiliki kewajiban membangun kesadaran masyarakat peran masyarakat angka korupsi dap https 3wbh2ocjiy
94,2022-06-09 03:59:29+00:00,bayuagni_, paijodirajo KPK Tenang Kepercayaan itu nanti bakal ditumbuhkan lagi oleh rompi biru anti korupsi, paijodirajo kpk tenang kepercayaan ditumbuhkan rompi biru anti korupsi
95,2022-06-09 03:59:02+00:00,fajaronline,Bela Mardani Maming Pendiri HIPMI Karirnya Lagi Menanjak Wajar Kalau Ada Upaya Jahat https qdg0TtwDc7 https QmkMKjwuqh,bela mardani maming pendiri hipmi karirnya menanjak wajar upaya jahat https qdg0ttwdc7 https qmkmkjwuqh
96,2022-06-09 03:58:54+00:00,yonghendra2, triajaaa KPK DKi Itu Daerah Khusus Kira2 begitu KPK , triajaaa kpk dki daerah khusus kira2 kpk 
97,2022-06-09 03:58:50+00:00,drafsarkhan9, MaryamNSharif ALHAMDULILLAH Dist Buner kpk loadshedding ginty ziada ginty deye gay hai https l5KX0qVMwe, maryamnsharif alhamdulillah dist buner kpk loadshedding ginty ziada ginty deye gay hai https l5kx0qvmwe
98,2022-06-09 03:58:32+00:00,andry19633,Respon Rizal Ramli kepada Ketua KPK Firli Bahuri soal Parpol Threshold dan Korupsi https imTvIhIbyJ https HJUgUvItyl,respon rizal ramli ketua kpk firli bahuri parpol threshold korupsi https imtvihibyj https hjuguvityl
99,2022-06-09 03:58:09+00:00,kpk_ri,KPK mengharapkan agar APH terkhususnya wilayah Provinsi Sulsel mampu mendorong untuk dilakukannya percepatan pen https UERNnDy1Hn,kpk mengharapkan aph terkhususnya wilayah provinsi sulsel mendorong dilakukannya percepatan pen https uernndy1hn
